id;phone;adresse;ville;age;fonction
1;266-197-9015;Awesome;Visionary Ball bandwidth;56908;Unbranded Philippine Peso Adaptive
2;1-194-637-4480 x9052;New York info-mediaries;multi-byte;43406;Lead Personal Loan Account
3;992.880.7406;synergize 1080p;Designer connecting;63362;benchmark
4;(546) 859-9092;Money Market Account Small;Intranet;61489;Optimization Concrete
5;1-436-201-4819;Handmade Metal Salad deliver;JBOD Home Loan Account maximized;8211;Rustic withdrawal yellow
6;400-356-9299;SAS Argentina Cross-group;Mauritania;80602;synthesizing
7;070.245.9236;overriding;Portugal Incredible;72897;Auto Loan Account architecture
8;1-341-206-4513;Investor Vision-oriented;Frozen circuit;27063;standardization Virtual
9;966.718.8438;Roads communities Factors;HTTP compressing Lead;27479;Rustic Wooden Hat
10;1-486-555-9081 x34653;Creative;Concrete;70020;Soft HTTP Plastic
